Avg_Area_Income,Avg_Area_House_Age,Avg_Area_Number_of_Rooms,Avg_Area_Number_of_Bedrooms,Area_Population,Price,Address
79545.45857,5.682861322,7.009188143,4.09,23086.8005,1059033.558,208 Michael Ferry Apt. 674
79248.64245,6.002900312,6.730821018,3.09,40173.07217,1505890.915,188 Johnson Views Suite 079
61287.06718,5.86588984,8.512727173,5.13,36882.1594,1058987.988,9127 Elizabeth Stravenue
63345.24005,7.18823613,5.586728559,3.26,34310.24283,1260616.807,48421 Christopher Creek
59982.19723,5.040555138,7.83938728,4.23,26354.10947,630943.4893,3513 Tracy Dale Suite 198
80175.75426,4.988435336,6.104512419,4.04,26748.42847,1068138.076,9725 Angel Ferry
64698.46343,6.025336233,8.14775955,5.49,45616.22559,1482846.99,47522 Donald Bypass Apt. 071
78394.33928,6.989782443,6.620477784,2.42,36516.35897,1573936.564,9704 Wallace Street Suite 473
63226.02444,5.829588301,6.923242637,3.24,32303.4169,1042881.352,8292 Webster Square Apt. 538
68350.5238,7.69329621,6.72263432,3.33,42184.38131,1489520.36,31123 Tracy Inlet Suite 458
